{
    "prepare_queue": {
        "installed": [],
        "uninstalled": []
    },
    "config_munge": {
        "files": {
            "res/xml/config.xml": {
                "parents": {
                    "/*": [
                        {
                            "xml": "<feature name=\"Whitelist\"><param name=\"android-package\" value=\"org.apache.cordova.whitelist.WhitelistPlugin\" /><param name=\"onload\" value=\"true\" /></feature>",
                            "count": 1
                        },
                        {
                            "xml": "<feature name=\"Accelerometer\"><param name=\"android-package\" value=\"org.apache.cordova.devicemotion.AccelListener\" /></feature>",
                            "count": 1
                        },
                        {
                            "xml": "<feature name=\"Geolocation\"><param name=\"android-package\" value=\"org.apache.cordova.geolocation.Geolocation\" /></feature>",
                            "count": 1
                        }
                    ],
                    "/widget": [
                        {
                            "xml": "<feature name=\"PushbotsPlugin\"><param name=\"android-package\" value=\"com.pushbots.plugin.PushbotsPlugin\" /></feature>",
                            "count": 1
                        }
                    ]
                }
            },
            "AndroidManifest.xml": {
                "parents": {
                    "/*": [
                        {
                            "xml": "<uses-permission android:name=\"android.permission.ACCESS_COARSE_LOCATION\" />",
                            "count": 1
                        },
                        {
                            "xml": "<uses-permission android:name=\"android.permission.ACCESS_FINE_LOCATION\" />",
                            "count": 1
                        }
                    ],
                    "/manifest": [
                        {
                            "xml": "<uses-permission android:name=\"android.permission.INTERNET\" />",
                            "count": 1
                        },
                        {
                            "xml": "<uses-permission android:name=\"android.permission.ACCESS_NETWORK_STATE\" />",
                            "count": 1
                        },
                        {
                            "xml": "<uses-permission android:name=\"android.permission.GET_ACCOUNTS\" />",
                            "count": 1
                        },
                        {
                            "xml": "<uses-permission android:name=\"android.permission.WAKE_LOCK\" />",
                            "count": 1
                        },
                        {
                            "xml": "<permission android:name=\"io.cordova.myappc89b81.permission.C2D_MESSAGE\" android:protectionLevel=\"signature\" />",
                            "count": 1
                        },
                        {
                            "xml": "<uses-permission android:name=\"io.cordova.myappc89b81.permission.C2D_MESSAGE\" />",
                            "count": 1
                        },
                        {
                            "xml": "<uses-permission android:name=\"com.google.android.c2dm.permission.RECEIVE\" />",
                            "count": 1
                        }
                    ],
                    "/manifest/application": [
                        {
                            "xml": "<receiver android:name=\"com.pushbots.google.gcm.GCMBroadcastReceiver\" android:permission=\"com.google.android.c2dm.permission.SEND\"><intent-filter><action android:name=\"com.google.android.c2dm.intent.RECEIVE\" /><action android:name=\"com.google.android.c2dm.intent.REGISTRATION\" /><category android:name=\"io.cordova.myappc89b81\" /></intent-filter></receiver>",
                            "count": 1
                        },
                        {
                            "xml": "<receiver android:name=\"com.pushbots.plugin.PushHandler\" />",
                            "count": 1
                        },
                        {
                            "xml": "<receiver android:name=\"com.pushbots.push.DefaultPushHandler\" />",
                            "count": 1
                        },
                        {
                            "xml": "<service android:name=\"com.pushbots.push.GCMIntentService\" />",
                            "count": 1
                        }
                    ],
                    "/*/application/activity": [
                        {
                            "xml": "<intent-filter><action android:name=\"io.cordova.myappc89b81.MESSAGE\" /><category android:name=\"android.intent.category.DEFAULT\" /></intent-filter>",
                            "count": 1
                        }
                    ]
                }
            }
        }
    },
    "installed_plugins": {
        "cordova-plugin-whitelist": {
            "PACKAGE_NAME": "io.cordova.myappc89b81"
        },
        "cordova-plugin-compat": {
            "PACKAGE_NAME": "io.cordova.myappc89b81"
        },
        "cordova-plugin-device-motion": {
            "PACKAGE_NAME": "io.cordova.myappc89b81"
        },
        "cordova-plugin-geolocation": {
            "PACKAGE_NAME": "io.cordova.myappc89b81"
        },
        "cordova-plugin-android-support-v4": {
            "PACKAGE_NAME": "io.cordova.myappc89b81"
        },
        "pushbots-cordova-plugin": {
            "PACKAGE_NAME": "io.cordova.myappc89b81"
        }
    },
    "dependent_plugins": {},
    "modules": [
        {
            "file": "plugins/cordova-plugin-device-motion/www/Acceleration.js",
            "id": "cordova-plugin-device-motion.Acceleration",
            "clobbers": [
                "Acceleration"
            ]
        },
        {
            "file": "plugins/cordova-plugin-device-motion/www/accelerometer.js",
            "id": "cordova-plugin-device-motion.accelerometer",
            "clobbers": [
                "navigator.accelerometer"
            ]
        },
        {
            "file": "plugins/cordova-plugin-geolocation/www/android/geolocation.js",
            "id": "cordova-plugin-geolocation.geolocation",
            "clobbers": [
                "navigator.geolocation"
            ]
        },
        {
            "file": "plugins/cordova-plugin-geolocation/www/PositionError.js",
            "id": "cordova-plugin-geolocation.PositionError",
            "runs": true
        },
        {
            "file": "plugins/pushbots-cordova-plugin/www/pushbots.js",
            "id": "pushbots-cordova-plugin.PushbotsPlugin",
            "clobbers": [
                "PushbotsPlugin"
            ]
        }
    ],
    "plugin_metadata": {
        "cordova-plugin-whitelist": "1.2.2",
        "cordova-plugin-compat": "1.0.0",
        "cordova-plugin-device-motion": "1.2.1",
        "cordova-plugin-geolocation": "2.2.0",
        "cordova-plugin-android-support-v4": "21.0.1",
        "pushbots-cordova-plugin": "1.3.6"
    }
}