{
    "prepare_queue": {
        "installed": [],
        "uninstalled": []
    },
    "config_munge": {
        "files": {
            "config.xml": {
                "parents": {
                    "/*": [
                        {
                            "xml": "<feature name=\"Accelerometer\"><param name=\"ios-package\" value=\"CDVAccelerometer\" /></feature>",
                            "count": 1
                        },
                        {
                            "xml": "<feature name=\"Compass\"><param name=\"ios-package\" value=\"CDVCompass\" /></feature>",
                            "count": 1
                        },
                        {
                            "xml": "<feature name=\"Geolocation\"><param name=\"ios-package\" value=\"CDVLocation\" /></feature>",
                            "count": 1
                        },
                        {
                            "xml": "<feature name=\"PushbotsPlugin\"><param name=\"ios-package\" value=\"PushbotsPlugin\" /></feature>",
                            "count": 1
                        }
                    ]
                }
            },
            "*-Info.plist": {
                "parents": {
                    "NSLocationWhenInUseUsageDescription": [
                        {
                            "xml": "<string />",
                            "count": 1
                        }
                    ]
                }
            }
        }
    },
    "installed_plugins": {
        "cordova-plugin-android-support-v4": {
            "PACKAGE_NAME": "io.cordova.myappc89b81"
        },
        "cordova-plugin-compat": {
            "PACKAGE_NAME": "io.cordova.myappc89b81"
        },
        "cordova-plugin-device-motion": {
            "PACKAGE_NAME": "io.cordova.myappc89b81"
        },
        "cordova-plugin-device-orientation": {
            "PACKAGE_NAME": "io.cordova.myappc89b81"
        },
        "cordova-plugin-geolocation": {
            "PACKAGE_NAME": "io.cordova.myappc89b81"
        },
        "cordova-plugin-whitelist": {
            "PACKAGE_NAME": "io.cordova.myappc89b81"
        },
        "pushbots-cordova-plugin": {
            "PACKAGE_NAME": "io.cordova.myappc89b81"
        }
    },
    "dependent_plugins": {},
    "modules": [
        {
            "file": "plugins/cordova-plugin-device-motion/www/Acceleration.js",
            "id": "cordova-plugin-device-motion.Acceleration",
            "pluginId": "cordova-plugin-device-motion",
            "clobbers": [
                "Acceleration"
            ]
        },
        {
            "file": "plugins/cordova-plugin-device-motion/www/accelerometer.js",
            "id": "cordova-plugin-device-motion.accelerometer",
            "pluginId": "cordova-plugin-device-motion",
            "clobbers": [
                "navigator.accelerometer"
            ]
        },
        {
            "file": "plugins/cordova-plugin-device-orientation/www/CompassError.js",
            "id": "cordova-plugin-device-orientation.CompassError",
            "pluginId": "cordova-plugin-device-orientation",
            "clobbers": [
                "CompassError"
            ]
        },
        {
            "file": "plugins/cordova-plugin-device-orientation/www/CompassHeading.js",
            "id": "cordova-plugin-device-orientation.CompassHeading",
            "pluginId": "cordova-plugin-device-orientation",
            "clobbers": [
                "CompassHeading"
            ]
        },
        {
            "file": "plugins/cordova-plugin-device-orientation/www/compass.js",
            "id": "cordova-plugin-device-orientation.compass",
            "pluginId": "cordova-plugin-device-orientation",
            "clobbers": [
                "navigator.compass"
            ]
        },
        {
            "file": "plugins/cordova-plugin-geolocation/www/Coordinates.js",
            "id": "cordova-plugin-geolocation.Coordinates",
            "pluginId": "cordova-plugin-geolocation",
            "clobbers": [
                "Coordinates"
            ]
        },
        {
            "file": "plugins/cordova-plugin-geolocation/www/PositionError.js",
            "id": "cordova-plugin-geolocation.PositionError",
            "pluginId": "cordova-plugin-geolocation",
            "clobbers": [
                "PositionError"
            ]
        },
        {
            "file": "plugins/cordova-plugin-geolocation/www/Position.js",
            "id": "cordova-plugin-geolocation.Position",
            "pluginId": "cordova-plugin-geolocation",
            "clobbers": [
                "Position"
            ]
        },
        {
            "file": "plugins/cordova-plugin-geolocation/www/geolocation.js",
            "id": "cordova-plugin-geolocation.geolocation",
            "pluginId": "cordova-plugin-geolocation",
            "clobbers": [
                "navigator.geolocation"
            ]
        },
        {
            "file": "plugins/pushbots-cordova-plugin/www/pushbots.js",
            "id": "pushbots-cordova-plugin.PushbotsPlugin",
            "pluginId": "pushbots-cordova-plugin",
            "clobbers": [
                "PushbotsPlugin"
            ]
        }
    ],
    "plugin_metadata": {
        "cordova-plugin-android-support-v4": "21.0.1",
        "cordova-plugin-compat": "1.0.0",
        "cordova-plugin-device-motion": "1.2.1",
        "cordova-plugin-device-orientation": "1.0.3",
        "cordova-plugin-geolocation": "2.2.0",
        "cordova-plugin-whitelist": "1.2.2",
        "pushbots-cordova-plugin": "1.3.6"
    }
}